Id,Name,Group
1196447025,GPU1,GPU
1196447026,GPU2,GPU
1448235845,VerseSampling,Verse
16777216,Game Frames,Frame Tracks
16777217,Rendering Frames,Frame Tracks
65536,GPU0-Graphics0,GPU
65537,GPU0-Compute0,GPU
2,GameThread,
44,RTHeartBeat 0,Render
42,RHIThread,Render
43,RenderThread 0,Render
4,BackgroundThreadPool #0,BackgroundThreadPool
5,BackgroundThreadPool #1,BackgroundThreadPool
25,IOThreadPool #0,IOThreadPool
26,IOThreadPool #1,IOThreadPool
27,IOThreadPool #2,IOThreadPool
28,IOThreadPool #3,IOThreadPool
31,DDC IO ThreadPool #0,DDC IO ThreadPool
32,DDC IO ThreadPool #1,DDC IO ThreadPool
33,DDC IO ThreadPool #2,DDC IO ThreadPool
34,DDC IO ThreadPool #3,DDC IO ThreadPool
6,Foreground Worker #0,Foreground Workers
7,Foreground Worker #1,Foreground Workers
48,Foreground Worker (Standby #0),Foreground Workers
10,Background Worker #2,Background Workers
11,Background Worker #3,Background Workers
13,Background Worker #5,Background Workers
14,Background Worker #6,Background Workers
15,Background Worker #7,Background Workers
17,Background Worker #9,Background Workers
18,Background Worker #10,Background Workers
19,Background Worker #11,Background Workers
47,Background Worker (Standby #0),Background Workers
49,Background Worker (Standby #1),Background Workers
29,RHIInterruptThread,
30,RHISubmissionThread,
39,IoDispatcher,
21,HttpManagerThread,
23,OnlineAsyncTaskThreadNull DefaultInstance(1),
24,OutputDeviceRedirector,
37,ShaderCompilingThread,
38,HttpConnectionPool,
40,FMediaTicker,
41,FMessageBus.DefaultBus.Router,
45,AsyncTaskThread_1,
46,AsyncTaskThread_2,
8,Background Worker #0,
9,Background Worker #1,
12,Background Worker #4,
16,Background Worker #8,
20,FAsyncWriter_Gridlands,
22,LibwebsocketsThread,
35,waitpid(881090),
36,FileSystemCacheStoreMaintainer,
3,Trace,
